code_commune,annee,emploi_total,emploi_moins_25,emploi_25_49,emploi_50_plus
33001,2022,195,30,125,40
33002,2022,70,5,45,20
33003,2022,1460,200,900,360
33004,2022,315,45,210,55
33005,2022,800,80,375,350
33006,2022,100,10,50,40
33007,2022,80,5,45,25
33008,2022,30,0,20,10
33009,2022,715,65,365,285
33010,2022,45,5,30,10
33011,2022,430,45,215,170
33012,2022,195,25,105,65
33013,2022,630,75,400,155
33014,2022,85,15,50,25
33015,2022,140,10,85,45
33016,2022,25,0,15,10
33017,2022,20,0,10,5
33018,2022,250,30,140,80
33019,2022,700,70,405,220
33020,2022,10,0,5,0
33021,2022,80,10,50,20
33022,2022,170,15,115,45
33023,2022,80,10,50,25
33024,2022,25,5,15,5
33025,2022,40,10,25,5
33026,2022,40,10,20,10
33027,2022,25,0,15,10
33028,2022,75,10,40,25
33029,2022,300,40,180,80
33030,2022,165,10,110,50
33031,2022,25,5,10,10
33032,2022,830,120,480,225
33033,2022,55,5,30,15
33034,2022,35,5,20,10
33035,2022,60,5,35,25
33036,2022,405,50,235,120
33037,2022,155,20,85,50
33038,2022,80,10,40,30
33039,2022,2960,400,1925,630
33040,2022,115,15,75,25
33042,2022,445,55,275,120
33043,2022,15,0,10,5
33044,2022,15,0,5,5
33045,2022,30,5,15,5
33046,2022,100,10,50,35
33047,2022,135,20,70,45
33048,2022,20,0,15,5
33049,2022,140,20,90,30
33050,2022,60,5,40,15
33051,2022,675,75,380,220
33052,2022,95,15,55,25
33053,2022,15,0,5,5
33054,2022,15,0,10,5
33055,2022,35,5,20,10
33056,2022,1205,160,740,310
33057,2022,90,10,45,30
33058,2022,550,70,330,150
33059,2022,30,5,10,15
33060,2022,45,5,25,15
33061,2022,55,5,35,10
33062,2022,50,10,20,15
33063,2022,26635,3335,17565,5740
33064,2022,5,0,5,0
33065,2022,180,15,115,50
33066,2022,20,0,10,10
33067,2022,220,40,125,55
33068,2022,5,0,5,0
33069,2022,1715,170,1080,465
33070,2022,60,10,45,10
33071,2022,120,10,70,35
33072,2022,25,0,15,5
33073,2022,175,20,115,40
33074,2022,20,0,10,5
33075,2022,1510,170,985,355
33076,2022,60,10,35,20
33077,2022,145,15,80,45
33078,2022,30,0,15,15
33079,2022,25,5,10,10
33080,2022,425,60,275,95
33081,2022,260,25,145,85
33082,2022,95,10,70,20
33083,2022,80,10,45,25
33084,2022,125,10,80,35
33085,2022,170,20,100,50
33086,2022,20,5,10,5
33087,2022,30,5,15,10
33088,2022,55,5,35,15
33089,2022,40,5,20,15
33090,2022,335,35,215,85
33093,2022,65,5,40,20
33094,2022,30,5,20,10
33095,2022,95,10,65,25
33096,2022,660,85,405,170
33097,2022,275,20,175,85
33098,2022,35,5,25,5
33099,2022,265,40,155,70
33100,2022,100,5,55,40
33101,2022,135,15,75,40
33102,2022,35,5,25,10
33103,2022,5,0,5,5
33104,2022,365,40,230,95
33105,2022,15,0,10,0
33106,2022,145,15,80,50
33108,2022,535,60,305,170
33109,2022,155,20,100,35
33111,2022,110,15,65,30
33112,2022,10,0,5,5
33113,2022,10,0,10,5
33114,2022,185,25,120,40
33115,2022,30,0,15,15
33116,2022,25,0,15,5
33117,2022,30,5,15,5
33118,2022,100,15,55,30
33119,2022,2895,385,1830,680
33120,2022,150,25,80,50
33121,2022,10,5,0,5
33122,2022,810,95,480,235
33123,2022,190,30,105,60
33124,2022,55,10,35,10
33125,2022,195,20,120,50
33126,2022,65,5,40,20
33127,2022,20,0,10,10
33128,2022,50,0,30,15
33129,2022,10,0,5,5
33130,2022,80,10,55,20
33131,2022,15,5,10,5
33132,2022,30,5,20,5
33133,2022,5,0,0,0
33134,2022,30,5,15,5
33135,2022,10,0,5,0
33136,2022,25,0,15,5
33137,2022,25,0,15,10
33138,2022,815,110,460,245
33139,2022,5,0,5,0
33140,2022,385,50,230,110
33141,2022,45,5,25,10
33142,2022,150,15,90,40
33143,2022,180,25,110,45
33144,2022,70,10,45,20
33145,2022,45,10,25,10
33146,2022,185,40,95,50
33147,2022,40,5,20,15
33148,2022,5,0,5,5
33149,2022,10,0,5,5
33150,2022,25,5,15,10
33151,2022,95,10,45,40
33152,2022,15,0,10,5
33153,2022,25,0,15,10
33154,2022,205,30,105,70
33155,2022,20,0,15,5
33156,2022,15,5,10,5
33157,2022,65,5,40,20
33158,2022,25,5,10,10
33159,2022,130,20,85,25
33160,2022,55,10,20,25
33161,2022,75,15,40,20
33162,2022,1910,220,1205,485
33163,2022,35,5,15,10
33164,2022,115,5,75,30
33165,2022,210,20,130,60
33166,2022,40,5,30,5
33167,2022,1905,250,1225,425
33168,2022,50,5,25,25
33169,2022,10,5,5,0
33170,2022,65,10,40,15
33171,2022,20,0,10,10
33172,2022,20,5,10,5
33173,2022,10,5,5,5
33174,2022,95,15,55,25
33175,2022,65,5,30,30
33176,2022,30,5,15,10
33177,2022,245,40,130,75
33178,2022,35,5,20,10
33179,2022,230,25,130,70
33180,2022,15,5,5,5
33181,2022,15,5,10,5
33182,2022,40,5,20,15
33183,2022,105,15,65,25
33184,2022,35,5,20,10
33185,2022,140,15,85,40
33186,2022,75,10,30,35
33187,2022,105,15,65,25
33188,2022,15,5,5,5
33189,2022,40,10,20,10
33190,2022,10,0,5,0
33191,2022,50,10,30,15
33192,2022,1655,225,1005,425
33193,2022,190,15,95,85
33194,2022,55,5,35,15
33195,2022,85,10,50,25
33196,2022,10,0,5,5
33197,2022,30,5,20,5
33198,2022,180,30,110,40
33199,2022,1505,170,805,525
33200,2022,815,100,520,195
33201,2022,50,5,35,10
33202,2022,115,10,80,25
33203,2022,415,45,240,130
33204,2022,50,5,35,10
33205,2022,85,10,55,20
33206,2022,30,5,20,10
33207,2022,430,55,260,110
33208,2022,110,5,60,45
33209,2022,25,0,20,5
33210,2022,15,5,10,5
33211,2022,45,5,30,10
33212,2022,15,0,10,5
33213,2022,215,35,115,65
33214,2022,655,70,380,205
33215,2022,10,0,5,0
33216,2022,15,0,10,10
33218,2022,130,20,65,45
33219,2022,145,15,90,40
33220,2022,125,20,85,20
33221,2022,100,15,50,30
33222,2022,40,5,25,5
33223,2022,30,5,10,10
33224,2022,5,0,5,0
33225,2022,175,15,100,60
33226,2022,190,15,130,45
33227,2022,825,110,480,235
33228,2022,55,5,40,10
33229,2022,470,50,240,180
33230,2022,45,0,30,10
33231,2022,15,0,10,5
33232,2022,0,0,0,0
33233,2022,220,35,125,60
33234,2022,220,20,135,65
33235,2022,10,5,5,5
33236,2022,625,70,320,235
33237,2022,60,5,30,25
33238,2022,650,75,395,180
33239,2022,50,5,20,25
33240,2022,685,100,390,200
33241,2022,55,5,35,20
33242,2022,55,5,25,20
33243,2022,2540,325,1530,685
33244,2022,25,5,10,10
33245,2022,50,0,25,20
33246,2022,15,5,5,5
33247,2022,5,0,5,0
33248,2022,215,25,135,55
33249,2022,2795,395,1745,655
33250,2022,25,5,15,10
33251,2022,55,5,30,20
33252,2022,60,5,40,15
33253,2022,85,10,50,25
33254,2022,35,5,20,10
33255,2022,20,0,10,5
33256,2022,290,35,160,95
33257,2022,35,5,20,10
33258,2022,30,0,20,10
33259,2022,95,15,60,20
33260,2022,75,10,45,20
33261,2022,105,15,50,35
33262,2022,290,30,190,70
33263,2022,15,5,5,5
33264,2022,100,20,50,35
33266,2022,50,5,30,20
33268,2022,200,25,125,55
33269,2022,35,10,10,15
33270,2022,15,0,5,5
33271,2022,10,0,10,5
33272,2022,75,10,40,30
33273,2022,425,60,265,105
33274,2022,180,20,100,55
33275,2022,5,0,0,0
33276,2022,10,0,5,0
33277,2022,25,0,20,5
33278,2022,20,0,10,5
33279,2022,35,5,25,10
33280,2022,55,5,40,15
33281,2022,5635,675,3590,1370
33282,2022,15,0,10,5
33283,2022,20,0,10,5
33284,2022,680,80,410,190
33285,2022,30,0,20,10
33287,2022,45,5,35,10
33288,2022,20,5,10,5
33289,2022,130,15,70,45
33290,2022,125,25,70,35
33291,2022,15,0,5,5
33292,2022,10,0,5,0
33293,2022,225,25,145,55
33294,2022,45,5,25,15
33295,2022,5,0,5,5
33296,2022,120,10,70,35
33297,2022,150,15,90,45
33298,2022,70,5,40,20
33299,2022,25,0,15,10
33300,2022,115,10,60,45
33301,2022,40,5,25,10
33302,2022,25,0,10,10
33303,2022,60,5,30,25
33304,2022,10,0,5,5
33305,2022,35,5,20,10
33306,2022,35,0,25,10
33307,2022,140,10,75,55
33308,2022,20,5,10,5
33309,2022,50,10,25,10
33310,2022,15,5,10,5
33311,2022,105,10,75,20
33312,2022,740,100,450,190
33314,2022,650,75,380,195
33315,2022,135,15,75,45
33316,2022,110,10,65,30
33317,2022,85,15,45,25
33318,2022,4185,580,2515,1095
33319,2022,45,5,25,15
33320,2022,85,10,40,35
33321,2022,140,20,85,35
33322,2022,400,40,245,115
33323,2022,55,10,35,15
33324,2022,395,60,215,120
33325,2022,65,5,35,25
33326,2022,15,0,5,10
33327,2022,240,35,140,65
33328,2022,50,10,25,15
33329,2022,15,0,5,5
33330,2022,175,20,100,55
33331,2022,35,5,15,20
33332,2022,85,10,45,30
33333,2022,280,30,165,85
33334,2022,165,15,105,45
33335,2022,30,5,15,10
33336,2022,105,5,65,35
33337,2022,205,30,115,60
33339,2022,110,15,65,30
33341,2022,170,15,105,50
33342,2022,45,5,30,10
33343,2022,65,5,45,20
33344,2022,40,5,25,10
33345,2022,30,5,15,10
33346,2022,30,5,15,10
33347,2022,20,0,5,15
33348,2022,150,25,85,40
33349,2022,115,5,80,30
33350,2022,100,10,55,35
33351,2022,190,25,115,45
33352,2022,555,65,345,145
33353,2022,15,0,10,5
33354,2022,10,0,5,5
33355,2022,125,10,80,35
33356,2022,35,0,30,5
33357,2022,110,10,70,30
33358,2022,35,5,20,10
33359,2022,25,5,15,5
33360,2022,25,5,10,5
33361,2022,40,5,20,20
33362,2022,105,15,60,35
33363,2022,270,30,175,65
33364,2022,35,5,15,10
33365,2022,15,5,5,5
33366,2022,1025,120,670,235
33367,2022,25,0,20,5
33369,2022,40,5,30,10
33370,2022,55,5,30,20
33372,2022,5,0,5,0
33373,2022,50,5,25,20
33374,2022,90,15,55,25
33375,2022,25,5,15,10
33376,2022,385,45,215,125
33377,2022,5,0,5,0
33378,2022,125,20,70,35
33379,2022,15,5,5,5
33380,2022,170,30,100,45
33381,2022,220,25,135,55
33382,2022,170,20,90,60
33383,2022,25,5,15,10
33384,2022,35,5,20,15
33385,2022,50,5,30,15
33386,2022,10,0,5,0
33387,2022,160,15,105,35
33388,2022,50,10,30,15
33389,2022,310,40,185,85
33390,2022,35,5,25,5
33391,2022,20,0,10,5
33392,2022,75,10,45,20
33393,2022,475,70,275,135
33394,2022,185,15,110,60
33395,2022,200,25,115,60
33396,2022,20,5,10,5
33397,2022,330,40,205,80
33398,2022,15,0,10,0
33399,2022,25,0,10,10
33400,2022,30,5,15,10
33401,2022,10,0,5,0
33402,2022,435,45,240,150
33403,2022,10,5,5,0
33404,2022,15,0,5,5
33405,2022,35,5,15,15
33406,2022,20,0,10,5
33407,2022,70,15,35,20
33408,2022,25,5,10,5
33411,2022,10,0,5,0
33412,2022,105,20,55,35
33413,2022,150,15,80,55
33414,2022,30,5,15,10
33415,2022,125,15,70,40
33416,2022,80,5,45,25
33417,2022,185,30,100,55
33418,2022,35,5,25,10
33419,2022,15,5,10,5
33420,2022,10,0,5,5
33421,2022,35,0,20,10
33422,2022,545,70,330,150
33423,2022,50,10,30,10
33424,2022,405,45,245,115
33425,2022,105,20,70,20
33426,2022,10,0,5,5
33427,2022,20,0,15,5
33428,2022,10,0,5,5
33429,2022,25,5,15,5
33431,2022,20,0,10,5
33432,2022,15,0,10,0
33433,2022,720,90,435,195
33434,2022,185,20,115,50
33435,2022,175,30,95,50
33436,2022,85,5,55,25
33437,2022,190,35,95,65
33438,2022,165,20,95,45
33439,2022,120,15,80,30
33440,2022,20,5,15,5
33441,2022,90,15,50,25
33442,2022,45,5,20,20
33443,2022,15,5,5,5
33444,2022,45,5,35,5
33445,2022,55,10,30,20
33446,2022,15,5,10,5
33447,2022,220,25,120,75
33448,2022,175,25,95,60
33449,2022,2020,265,1165,590
33450,2022,30,0,20,10
33451,2022,50,5,25,20
33452,2022,45,5,30,15
33453,2022,15,0,10,5
33454,2022,100,15,50,35
33456,2022,50,5,30,10
33457,2022,55,5,35,20
33458,2022,90,10,55,25
33459,2022,15,5,5,5
33460,2022,55,5,35,15
33461,2022,35,0,20,10
33462,2022,25,5,15,5
33463,2022,100,15,60,25
33464,2022,20,5,10,5
33465,2022,110,10,75,30
33466,2022,225,30,155,40
33467,2022,20,0,10,5
33468,2022,45,10,20,15
33470,2022,50,5,25,20
33471,2022,85,10,50,25
33472,2022,35,5,25,5
33473,2022,305,45,195,65
33474,2022,165,20,105,40
33475,2022,30,5,20,10
33476,2022,75,10,40,25
33477,2022,60,10,30,20
33478,2022,335,55,175,105
33479,2022,25,0,15,10
33480,2022,130,15,75,40
33481,2022,10,0,10,5
33482,2022,25,5,15,5
33483,2022,325,30,180,115
33484,2022,150,20,85,45
33485,2022,130,15,75,40
33486,2022,15,5,10,5
33487,2022,80,5,45,30
33488,2022,25,5,15,5
33489,2022,20,0,15,5
33490,2022,200,35,95,70
33491,2022,25,0,10,10
33492,2022,240,40,145,55
33493,2022,40,5,25,10
33494,2022,75,10,40,25
33496,2022,135,10,85,45
33498,2022,465,70,255,140
33499,2022,25,5,10,10
33500,2022,45,0,25,15
33501,2022,150,10,95,45
33502,2022,55,10,35,10
33503,2022,35,0,25,5
33504,2022,60,10,30,20
33505,2022,115,15,65,35
33506,2022,175,15,105,55
33507,2022,25,5,10,10
33508,2022,50,5,30,15
33509,2022,45,5,25,15
33510,2022,15,0,10,5
33511,2022,25,0,15,10
33512,2022,30,0,15,15
33513,2022,5,0,5,0
33514,2022,280,35,145,100
33515,2022,35,5,20,10
33516,2022,15,0,15,0
33517,2022,115,10,85,20
33518,2022,75,5,40,25
33519,2022,570,60,330,180
33520,2022,35,5,20,10
33521,2022,65,10,30,25
33522,2022,3395,520,2115,765
33523,2022,135,15,80,40
33524,2022,20,0,15,5
33525,2022,115,20,65,35
33526,2022,5,0,5,0
33527,2022,640,80,350,205
33528,2022,35,5,25,5
33529,2022,2050,220,1170,655
33530,2022,60,5,40,15
33531,2022,25,0,15,5
33532,2022,35,0,25,10
33533,2022,450,50,305,95
33534,2022,70,0,45,20
33535,2022,295,35,185,75
33536,2022,10,0,10,0
33537,2022,50,5,30,15
33538,2022,55,10,25,20
33539,2022,350,35,240,75
33540,2022,350,45,160,150
33541,2022,110,10,50,50
33542,2022,70,10,35,25
33543,2022,85,10,45,30
33544,2022,165,15,90,60
33545,2022,100,15,60,25
33546,2022,20,0,10,5
33547,2022,105,10,65,30
33548,2022,105,15,55,35
33549,2022,25,5,15,5
33550,2022,3360,425,2250,685
33551,2022,40,5,20,15
33552,2022,95,20,55,20
33553,2022,80,5,60,15
33554,2022,165,15,95,55
33555,2022,355,35,220,95
